ticker,allocation,port_weight
A,13.241993,0.00015175072005127878
AA,0.37148000000000003,4.2570901135991414e-06
AAL,0.46435000000000004,5.321362641998927e-06
AAMI,0.12669000000000002,1.451843293022169e-06
AAON,0.32504500000000003,3.724953849399249e-06
AAPL,3201.012946,0.03668299926219302
ABCB,0.6334500000000001,7.259216465110844e-06
ABNB,33.980004,0.0003894043800163112
ABR,0.38007,4.355529879066506e-06
ACGL,27.673836,0.00031713689469409933
ACI,0.32504500000000003,3.724953849399249e-06
ACIW,8.536022999999998,9.78211993182806e-05
ACLS,4.742235,5.434511073237812e-05
ACM,0.5572199999999999,6.385635170398711e-06
ACMR,1.8968939999999999,2.1738044292951245e-05
ACN,126.14345099999998,0.0014455799454812577
ADBE,178.65541100000002,0.002047357014937793
ADC,0.27860999999999997,3.1928175851993555e-06
ADEA,3.7937879999999997,4.347608858590249e-05
ADI,129.50518499999998,0.0014841047774397753
ADM,8.18918,9.384644453667443e-05
ADP,70.91268299999999,0.0008126458536881927
ADSK,79.668189,0.0009129822864225473
ADTN,0.9484469999999999,1.0869022146475623e-05
AEE,24.042724999999997,0.0002755250535734976
AEHR,0.9484469999999999,1.0869022146475623e-05
AEIS,8.536022999999998,9.78211993182806e-05
AEM,0.363024,4.160185962633829e-06
AEP,63.155716,0.0007237524878886484
AES,9.315397,0.00010675267705650668
AFG,4.930224000000001,5.64994289012308e-05
AFL,49.173508,0.000563519044787844
AFRM,2.9643300000000004,3.397065773781992e-05
AGCO,0.23217500000000002,2.6606813209994635e-06
AGI,0.060503999999999995,6.93364327105638e-07
AGM,0.25338000000000005,2.903686586044338e-06
AGNC,3.8875719999999996,4.455083538038344e-05
AGO,2.2793720000000004,2.6121169393815828e-05
AGPXX,5.6581600000000005,6.484143694724378e-05
AGYS,7.587575999999999,8.695217717180498e-05
AI,8.536022999999998,9.78211993182806e-05
AIG,40.544204,0.00046462886295937
AIZ,8.514039,9.756926686146636e-05
AJG,63.261505,0.0007249648096987796
AKAM,29.573921,0.00033891150723985684
ALAB,0.510785,5.85349890619882e-06
ALB,3.322107,3.807071407886966e-05
ALC,0.38319200000000003,4.391307405002375e-06
ALE,2.45137,2.809223374548704e-05
ALGM,5.690681999999999,6.521413287885373e-05
ALGN,5.006378,5.737213925040444e-05
ALK,0.32504500000000003,3.724953849399249e-06
ALKT,4.742235,5.434511073237812e-05
ALL,44.925062000000004,0.0005148326620357179
ALLE,3.368542,3.860285034306956e-05
ALLY,5.246817999999999,6.01275358987133e-05
ALNY,1.3001800000000001,1.4899815397596996e-05
ALRM,6.639129,7.608315502532936e-05
ALSN,0.37148000000000003,4.2570901135991414e-06
ALTR,10.432917,0.00011955924361123187
AM,0.23217500000000002,2.6606813209994635e-06
AMAL,0.12669000000000002,1.451843293022169e-06
AMAT,127.740015,0.0014638762651219609
AMBA,6.639129,7.608315502532936e-05
AMBC,0.12669000000000002,1.451843293022169e-06
AMCR,4.8670729999999995,5.577573045780476e-05
AMD,174.388932,0.0019984639774370434
AME,13.241993,0.00015175072005127878
AMG,2.5959659999999998,2.974927639129834e-05
AMGN,236.813411,0.0027138366284478036
AMH,0.46435000000000004,5.321362641998927e-06
AMKR,5.690681999999999,6.521413287885373e-05
AMP,43.405882000000005,0.0004974231483101404
AMPL,1.8968939999999999,2.1738044292951245e-05
AMPS,0.16906,1.937395430723244e-06
AMPY,0.806715,9.244800395693257e-06
AMSF,0.12669000000000002,1.451843293022169e-06
AMT,24.685632,0.0002828926454591003
AMTB,0.12669000000000002,1.451843293022169e-06
AMZN,1331.408258,0.015257685292064322
ANET,147.142898,0.0016862296122594133
ANSS,41.191399,0.0004720455945090383
AON,55.592212,0.0006370761712563464
AOS,3.2292370000000004,3.7006441550469884e-05
AOSL,1.8968939999999999,2.1738044292951245e-05
APA,34.511852,0.00039549925689457506
APAM,0.5067600000000001,5.807373172088676e-06
APD,20.329344,0.0002329704139074944
APG,0.32504500000000003,3.724953849399249e-06
APH,87.81657299999999,0.0010063612165620147
APLD,1.8968939999999999,2.1738044292951245e-05
APO,59.769576,0.0006849479678141825
APP,87.992726,0.0010083798964230595
APPF,12.629815,0.00014473527665846383
APPN,5.482334,6.282650444397662e-05
APTV,4.913507999999999,5.630786672200465e-05
AR,34.479215,0.00039512524308484774
ARE,5.006378,5.737213925040444e-05
ARES,17.998621,0.00020626077182491086
ARI,0.12669000000000002,1.451843293022169e-06
ARLO,2.8453409999999995,3.2607066439426865e-05
ARM,6.0023159999999995,6.87853992201409e-05
ARMK,0.37148000000000003,4.2570901135991414e-06
AROW,0.12669000000000002,1.451843293022169e-06
ARR,0.12669000000000002,1.451843293022169e-06
ARTNA,0.16906,1.937395430723244e-06
ARW,8.768197999999998,0.00010048188063928006
ASAN,7.5584999999999996,8.661897174447913e-05
ASB,0.6334500000000001,7.259216465110844e-06
ASGN,7.587575999999999,8.695217717180498e-05
ASML,21.008106,0.0002407488972704932
ATEN,61.59902099999999,0.0007059130594015448
ATI,0.27860999999999997,3.1928175851993555e-06
ATO,21.014314,0.0002408200397692151
ATR,0.41791500000000004,4.789226377799034e-06
AUB,0.5067600000000001,5.807373172088676e-06
AUR,10.432917,0.00011955924361123187
AVA,1.9441899999999999,2.2280047453317307e-05
AVB,9.873451,0.0001131478697082092
AVDX,0.25338000000000005,2.903686586044338e-06
AVGO,1655.29268,0.01896933913842206
AVPT,3.7937879999999997,4.347608858590249e-05
AVT,8.536022999999998,9.78211993182806e-05
AVTR,0.5572199999999999,6.385635170398711e-06
AVY,4.959942999999999,5.6840002986204536e-05
AWI,0.23217500000000002,2.6606813209994635e-06
AWK,24.33441,0.00027886770817074424
AWR,1.9441899999999999,2.2280047453317307e-05
AX,0.6334500000000001,7.259216465110844e-06
AXON,33.428246,0.0003830813383265857
AXP,1804.870028,0.020683467084446554
AXS,3.6976679999999993,4.237457167592308e-05
AXTA,0.32504500000000003,3.724953849399249e-06
AYI,0.37148000000000003,4.2570901135991414e-06
AZEK,0.27860999999999997,3.1928175851993555e-06
AZN,12.504825,0.00014330291504196022
AZO,15.973056,0.00018304818235588845
AZPN,10.711527,0.00012275206119643123
BA,123.553008,0.0014158939616190256
BAC,134.359664,0.001539736183054007
BAH,105.88456500000001,0.0012134169668467905
BALL,4.959942999999999,5.6840002986204536e-05
BAM,0.20168,2.3112144236854605e-06
BANC,0.38007,4.355529879066506e-06
BANF,0.38007,4.355529879066506e-06
BANR,0.38007,4.355529879066506e-06
BASE,0.9484469999999999,1.0869022146475623e-05
BAX,4.959942999999999,5.6840002986204536e-05
BBWI,0.32504500000000003,3.724953849399249e-06
BBY,5.0528129999999996,5.790427551460433e-05
BCE,0.08067200000000001,9.244857694741842e-07
BDC,8.536022999999998,9.78211993182806e-05
BDX,18.877247999999998,0.00021632967005695908
BELFB,1.8968939999999999,2.1738044292951245e-05
BEN,4.048062,4.6390020241833655e-05
BF-B,1.684271,1.930142517153478e-05
BFAM,0.27860999999999997,3.1928175851993555e-06
BFC,0.12669000000000002,1.451843293022169e-06
BFH,0.5067600000000001,5.807373172088676e-06
BFST,0.12669000000000002,1.451843293022169e-06
BG,3.322107,3.807071407886966e-05
BGC,0.5067600000000001,5.807373172088676e-06
BHB,0.12669000000000002,1.451843293022169e-06
BHE,3.7937879999999997,4.347608858590249e-05
BHF,1.6461839999999999,1.8864955398850783e-05
BHLB,0.25338000000000005,2.903686586044338e-06
BHRB,0.12669000000000002,1.451843293022169e-06
BIGC,0.9484469999999999,1.0869022146475623e-05
BIIB,13.100287999999999,0.00015012680771535873
BILL,10.757962,0.0001232841974606311
BIO,0.23217500000000002,2.6606813209994635e-06
BJ,0.46435000000000004,5.321362641998927e-06
BK,56.781228999999996,0.0006507020798263939
BKH,2.70496,3.099832689157191e-05
BKNG,48.018527999999996,0.0005502831937611272
BKR,29.338991,0.0003362192541430876
BKU,0.5067600000000001,5.807373172088676e-06
BL,9.417845,0.00010792671164237403
BLD,0.41791500000000004,4.789226377799034e-06
BLDR,6.5049090000000005,7.454501936513966e-05
BLK,111.573124,0.0012786067705496153
BLKB,9.283391,0.00010638589438671057
BLND,1.8968939999999999,2.1738044292951245e-05
BMI,9.48447,0.00010869022146475623
BMO,0.60504,6.933643271056381e-06
BMRN,0.46435000000000004,5.321362641998927e-06
BMY,31.946112,0.0003660963647117769
BN,0.80672,9.244857694741842e-06
BNS,0.60504,6.933643271056381e-06
BOH,0.5067600000000001,5.807373172088676e-06
BOKF,6.305854,7.22638869419608e-05
BOW,0.12669000000000002,1.451843293022169e-06
BOX,11.090648999999999,0.00012709672717588617
BPOP,18.073092,0.00020711419531433114
BR,19.09303,0.00021880249071727095
BRBR,0.37148000000000003,4.2570901135991414e-06
BRK-B,4904.374158,0.05620319463070128
BRKL,0.12669000000000002,1.451843293022169e-06
BRKR,0.23217500000000002,2.6606813209994635e-06
BRO,23.088608,0.00026459105430592776
BRSP,0.12669000000000002,1.451843293022169e-06
BRX,0.27860999999999997,3.1928175851993555e-06
BRZE,5.690681999999999,6.521413287885373e-05
BSX,58.118904,0.0006660315807893226
BSY,9.716645,0.0001113509027857557
BTE,12.5489,0.00014380800615522844
BURL,0.6965250000000001,7.98204396299839e-06
BUSE,0.25338000000000005,2.903686586044338e-06
BWA,1.452096,1.6640743850535316e-05
BWIN,0.38007,4.355529879066506e-06
BWXT,0.41791500000000004,4.789226377799034e-06
BX,98.537662,0.0011292228564589583
BXMT,0.5067600000000001,5.807373172088676e-06
BXP,3.322107,3.807071407886966e-05
BY,0.12669000000000002,1.451843293022169e-06
C,128.22356200000002,0.0014694176217310935
CAC,0.12669000000000002,1.451843293022169e-06
CACC,1.45628,1.668869169439043e-05
CACI,0.37148000000000003,4.2570901135991414e-06
CADE,1.0135200000000002,1.1614746344177352e-05
CAE,0.060503999999999995,6.93364327105638e-07
CAG,3.368542,3.860285034306956e-05
CAH,9.873451,0.0001131478697082092
CALX,4.742235,5.434511073237812e-05
CARE,0.12669000000000002,1.451843293022169e-06
CARR,15.973056,0.00018304818235588845
CART,0.27860999999999997,3.1928175851993555e-06
CASH,0.25338000000000005,2.903686586044338e-06
CASS,0.12669000000000002,1.451843293022169e-06
CASY,0.5572199999999999,6.385635170398711e-06
CAT,198.55796800000002,0.0022754365310356807
CATY,0.5067600000000001,5.807373172088676e-06
CAVA,0.32504500000000003,3.724953849399249e-06
CB,89.52034599999999,0.0010258861309426466
CBOE,18.160695,0.0002081181090249525
CBRE,13.241993,0.00015175072005127878
CBSH,20.008433,0.00022929283491146443
CBU,0.5067600000000001,5.807373172088676e-06
CCB,0.12669000000000002,1.451843293022169e-06
CCBG,0.12669000000000002,1.451843293022169e-06
CCCS,8.536022999999998,9.78211993182806e-05
CCEP,11.004246000000002,0.00012610656523692502
CCI,11.650592,0.00013351356740814375
CCK,0.37148000000000003,4.2570901135991414e-06
CCL,8.235615,9.437858080087431e-05
CCNE,0.12669000000000002,1.451843293022169e-06
CCSI,0.9484469999999999,1.0869022146475623e-05
CDNS,102.41199900000001,0.0011736220212577397
CDW,33.310748999999994,0.00038173484506429003
CE,3.2292370000000004,3.7006441550469884e-05
CEG,118.976159,0.001363444142976471
CEVA,1.8968939999999999,2.1738044292951245e-05
CF,4.959942999999999,5.6840002986204536e-05
CFB,0.12669000000000002,1.451843293022169e-06
CFFN,0.12669000000000002,1.451843293022169e-06
CFG,59.100432,0.0006772797049010399
CFLT,17.058712,0.00019548959353379733
CFR,22.444497,0.00025720966480942604
CG,6.162780000000001,7.062428612653848e-05
CGNX,8.536022999999998,9.78211993182806e-05
CHCO,0.25338000000000005,2.903686586044338e-06
CHD,8.235615,9.437858080087431e-05
CHDN,0.32504500000000003,3.724953849399249e-06
CHE,0.32504500000000003,3.724953849399249e-06
CHKP,113.40092000000001,0.0012995529649107549
CHRD,27.159405,0.000311241613321673
CHRW,3.368542,3.860285034306956e-05
CHTR,26.9244,0.00030854850073917497
CI,23.233536,0.00026625190160856505
CIEN,14.691054999999999,0.00016835669483913326
CIFR,1.8968939999999999,2.1738044292951245e-05
CIGI,0.060503999999999995,6.93364327105638e-07
CIM,0.12669000000000002,1.451843293022169e-06
CINF,16.918429,0.00019388197704729463
CIVI,21.602035,0.00024755521059578614
CL,28.635444,0.0003281567393962578
CLFD,0.9484469999999999,1.0869022146475623e-05
CLH,0.46435000000000004,5.321362641998927e-06
CLS,0.08067200000000001,9.244857694741842e-07
CLSK,4.742235,5.434511073237812e-05
CLX,6.551344,7.507715562933955e-05
CM,0.524368,6.009157501582196e-06
CMA,21.658341,0.0002482004666417006
CMCSA,82.723383,0.000947994228310475
CME,62.806214,0.0007197472614730052
CMG,28.12428,0.0003222988972221763
CMI,16.424795,0.00018822502533754874
CMS,19.738024,0.0002261939992257526
CMTG,0.12669000000000002,1.451843293022169e-06
CNA,0.37980800000000003,4.352527408920703e-06
CNC,9.919885999999998,0.00011368000597240907
CNH,0.41791500000000004,4.789226377799034e-06
CNM,0.41791500000000004,4.789226377799034e-06
CNNE,0.12669000000000002,1.451843293022169e-06
CNO,0.6334500000000001,7.259216465110844e-06
CNOB,0.12669000000000002,1.451843293022169e-06
CNP,19.361809,0.0002218826469131444
CNQ,0.625208,7.1647647134249266e-06
CNS,0.38007,4.355529879066506e-06
CNX,18.375175000000002,0.0002105760090130131
CNXN,1.8968939999999999,2.1738044292951245e-05
CODI,0.25338000000000005,2.903686586044338e-06
COF,32.803470000000004,0.00037592152425095843
COHR,13.742607999999999,0.00015748767269265765
COHU,2.8453409999999995,3.2607066439426865e-05
COIN,28.377658000000004,0.00032520256088860126
COKE,7241.135045,0.08298202974939639
COLB,3.018045,3.4586221416758155e-05
COLD,0.23217500000000002,2.6606813209994635e-06
COMM,2.8453409999999995,3.2607066439426865e-05
COO,6.5049090000000005,7.454501936513966e-05
COOP,1.0135200000000002,1.1614746344177352e-05
COP,74.953021,0.000858947358359774
COR,16.924623,0.00019395295910868053
COST,303.698376,0.003480325600263042
CP,0.625208,7.1647647134249266e-06
CPAY,11.782934999999998,0.000135030193005495
CPB,1.730706,1.9833561435734672e-05
CPF,0.12669000000000002,1.451843293022169e-06
CPK,1.7751299999999999,2.0342652022594065e-05
CPNG,0.975135,1.1174861548197745e-05
CPRT,31.527521999999998,0.000361299402962419
CPT,3.322107,3.807071407886966e-05
CRBG,1.2669000000000001,1.4518432930221688e-05
CRC,15.237950000000001,0.000174624007474206
CRDO,15.175151999999999,0.00017390435434360996
CRGY,17.03065,0.00019516800835352435
CRH,0.625208,7.1647647134249266e-06
CRK,13.355615,0.0001530528065509217
CRL,3.2292370000000004,3.7006441550469884e-05
CRM,355.822089,0.0040776534329764556
CRNC,0.9484469999999999,1.0869022146475623e-05
CROX,0.23217500000000002,2.6606813209994635e-06
CRSR,0.9484469999999999,1.0869022146475623e-05
CRUS,6.639129,7.608315502532936e-05
CRWD,277.884478,0.0031845032411339995
CSCO,477.376418,0.005470642913570505
CSGP,19.330683,0.00022152594887589908
CSL,0.6965250000000001,7.98204396299839e-06
CSX,37.432872,0.00042897359027356015
CTAS,53.401157999999995,0.0006119671093370993
CTBI,0.12669000000000002,1.451843293022169e-06
CTLP,0.12669000000000002,1.451843293022169e-06
CTRA,41.82433400000001,0.0004792989091721451
CTS,3.7937879999999997,4.347608858590249e-05
CTSH,51.663835999999996,0.0005920577298002784
CTVA,13.288428,0.00015228285631547865
CUBE,0.37148000000000003,4.2570901135991414e-06
CUBI,0.25338000000000005,2.903686586044338e-06
CVBF,0.5067600000000001,5.807373172088676e-06
CVE,0.181512,2.0800929813169145e-06
CVLT,9.48447,0.00010869022146475623
CVNA,0.9287000000000001,1.0642725283997854e-05
CVS,18.877247999999998,0.00021632967005695908
CVX,78.274208,0.0008970075294137042
CW,0.5572199999999999,6.385635170398711e-06
CWAN,8.536022999999998,9.78211993182806e-05
CWEN,1.43701,1.6467861161147576e-05
CWEN-A,0.59171,6.780884007531355e-06
CWT,1.7751299999999999,2.0342652022594065e-05
CXM,1.8968939999999999,2.1738044292951245e-05
CXT,6.639129,7.608315502532936e-05
CYBR,113.08504,0.00129593304021741
CZR,1.730706,1.9833561435734672e-05
D,43.077014,0.0004936543836081937
DAL,13.288428,0.00015228285631547865
DAR,0.23217500000000002,2.6606813209994635e-06
DASH,21.508299,0.0002464810138721716
DAY,3.275672,3.7538577814669774e-05
DBD,0.9484469999999999,1.0869022146475623e-05
DBRG,0.25338000000000005,2.903686586044338e-06
DBX,14.563441999999998,0.0001668942741417425
DCOM,0.25338000000000005,2.903686586044338e-06
DD,9.966320999999999,0.00011421214223660898
DDOG,46.092037,0.0005282059734799876
DE,33.398208,0.0003827371085623122
DECK,12.940285999999999,0.00014829321524105032
DELL,41.315635,0.00047346931542901544
DFIN,0.25338000000000005,2.903686586044338e-06
DFS,37.876048,0.0004340523029046154
DG,4.959942999999999,5.6840002986204536e-05
DGII,2.8453409999999995,3.2607066439426865e-05
DGX,5.006378,5.737213925040444e-05
DHI,13.195558,0.00015121858378707887
DHIL,0.12669000000000002,1.451843293022169e-06
DIOD,6.639129,7.608315502532936e-05
DIS,54.217456,0.0006213217290893088
DKNG,0.6965250000000001,7.98204396299839e-06
DKS,0.510785,5.85349890619882e-06
DLB,8.536022999999998,9.78211993182806e-05
DLR,18.248371,0.00020912285930168318
DLTR,4.913507999999999,5.630786672200465e-05
DMRC,0.9484469999999999,1.0869022146475623e-05
DOC,4.913507999999999,5.630786672200465e-05
DOCN,10.523757,0.00012060025272590653
DOCS,0.27860999999999997,3.1928175851993555e-06
DOCU,21.040284999999997,0.00024111766248737025
DOMO,0.9484469999999999,1.0869022146475623e-05
DOV,8.28205,9.491071706507421e-05
DOW,9.827015999999999,0.0001126157334440093
DOX,0.37148000000000003,4.2570901135991414e-06
DPZ,4.913507999999999,5.630786672200465e-05
DRI,6.644214,7.614142815773933e-05
DT,15.778806999999999,0.00018082212577820857
DTE,24.803494999999998,0.00028424333301175223
DTM,0.41791500000000004,4.789226377799034e-06
DUK,78.516156,0.0008997802074550659
DUOL,0.46435000000000004,5.321362641998927e-06
DV,5.690681999999999,6.521413287885373e-05
DVA,1.452096,1.6640743850535316e-05
DVN,41.93514,0.0004805687248476254
DX,0.12669000000000002,1.451843293022169e-06
DXC,7.587575999999999,8.695217717180498e-05
DXCM,21.92247,0.0002512273347223909
EA,23.108596,0.0002648201129825473
EBAY,9.873451,0.0001131478697082092
EBC,0.5067600000000001,5.807373172088676e-06
ECL,22.106771999999996,0.00025333940057281764
ECPG,0.12669000000000002,1.451843293022169e-06
ED,30.460675999999996,0.00034907355080528326
EEFT,0.76014,8.711059758133012e-06
EFC,0.12669000000000002,1.451843293022169e-06
EFSC,0.38007,4.355529879066506e-06
EFX,11.418417,0.0001308528860871443
EG,12.431246999999999,0.00014245972516261705
EGBN,0.12669000000000002,1.451843293022169e-06
EGHT,0.9484469999999999,1.0869022146475623e-05
EGP,0.32504500000000003,3.724953849399249e-06
EHC,0.37148000000000003,4.2570901135991414e-06
EIG,0.25338000000000005,2.903686586044338e-06
EIX,27.146908999999997,0.00031109841153945176
EL,5.808384,6.656297540214126e-05
ELS,0.46435000000000004,5.321362641998927e-06
ELV,26.137728,0.00029953338930963563
EME,0.8822650000000001,1.0110589019797961e-05
EMN,3.322107,3.807071407886966e-05
EMR,20.329344,0.0002329704139074944
ENB,0.80672,9.244857694741842e-06
ENFN,0.9484469999999999,1.0869022146475623e-05
ENPH,11.765259999999998,0.00013482764086875047
ENTG,13.881912999999999,0.00015908408148525733
ENVA,0.38007,4.355529879066506e-06
EOG,59.159234999999995,0.0006779535760918173
EPAM,18.145331,0.0002079420405084635
EQBK,0.12669000000000002,1.451843293022169e-06
EQH,6.998749,8.020433179568719e-05
EQIX,24.685632,0.0002828926454591003
EQR,8.235615,9.437858080087431e-05
EQT,50.029931,0.0005733334894049402
ERIE,4.551162,5.215545051035882e-05
ES,20.207109,0.0002315696240667606
ESAB,0.27860999999999997,3.1928175851993555e-06
ESGR,0.6334500000000001,7.259216465110844e-06
ESI,0.23217500000000002,2.6606813209994635e-06
ESNT,0.88683,1.0162903051155181e-05
ESS,5.0528129999999996,5.790427551460433e-05
ESTC,12.408959,0.00014220430892364886
ETN,54.099468,0.0006199696090604423
ETR,33.06643699999999,0.0003789350760327577
ETSY,0.23217500000000002,2.6606813209994635e-06
ETWO,0.9484469999999999,1.0869022146475623e-05
EVLV,0.9484469999999999,1.0869022146475623e-05
EVR,5.246817999999999,6.01275358987133e-05
EVRG,14.249903,0.00016330117686294484
EVTC,0.38007,4.355529879066506e-06
EW,11.616768,0.00013312595080428253
EWBC,35.907185999999996,0.000411489519025965
EXAS,0.37148000000000003,4.2570901135991414e-06
EXC,50.674828,0.0005807238863118794
EXE,36.872335,0.00042254994291433074
EXEL,0.37148000000000003,4.2570901135991414e-06
EXP,0.32504500000000003,3.724953849399249e-06
EXPD,4.959942999999999,5.6840002986204536e-05
EXPE,6.644214,7.614142815773933e-05
EXR,9.919885999999998,0.00011368000597240907
EXTR,4.742235,5.434511073237812e-05
EZPW,0.12669000000000002,1.451843293022169e-06
F,11.616768,0.00013312595080428253
FAF,3.1447350000000003,3.603806470978033e-05
FANG,65.266822,0.0007479453609406561
FARO,0.9484469999999999,1.0869022146475623e-05
FAST,26.747204000000004,0.00030651786829659583
FBIN,0.32504500000000003,3.724953849399249e-06
FBK,0.25338000000000005,2.903686586044338e-06
FBMS,0.12669000000000002,1.451843293022169e-06
FBP,0.76014,8.711059758133012e-06
FBRT,0.12669000000000002,1.451843293022169e-06
FCBC,0.12669000000000002,1.451843293022169e-06
FCF,0.25338000000000005,2.903686586044338e-06
FCFS,0.6334500000000001,7.259216465110844e-06
FCN,0.27860999999999997,3.1928175851993555e-06
FCNCA,64.23504,0.0007361213355514305
FCX,15.973056,0.00018304818235588845
FDS,13.427464,0.0001538761824192645
FDX,17.425151999999997,0.00019968892620642373
FE,21.145279000000002,0.00024232087374877664
FERG,1.3930500000000001,1.596408792599678e-05
FFBC,0.38007,4.355529879066506e-06
FFIN,10.418628,0.00011939549439018842
FFIV,127.21760800000001,0.0014578895803072334
FFWM,0.12669000000000002,1.451843293022169e-06
FGXXX,30.568684999999995,0.00035031131339298573
FHB,1.6461839999999999,1.8864955398850783e-05
FHI,0.5067600000000001,5.807373172088676e-06
FHN,28.485967,0.00032644376141921874
FI,63.401838,0.0007265729991757681
FIBK,0.5067600000000001,5.807373172088676e-06
FICO,53.783621999999994,0.0006163500740006279
FIS,20.336633,0.0002330539444605202
FITB,76.175679,0.0008729587863885047
FIVN,13.227374999999999,0.00015158320055283847
FIX,0.6965250000000001,7.98204396299839e-06
FLEX,15.175151999999999,0.00017390435434360996
FLG,0.5067600000000001,5.807373172088676e-06
FLS,0.32504500000000003,3.724953849399249e-06
FLYW,0.38007,4.355529879066506e-06
FMBH,0.12669000000000002,1.451843293022169e-06
FMC,1.684271,1.930142517153478e-05
FMNB,0.12669000000000002,1.451843293022169e-06
FN,9.48447,0.00010869022146475623
FNB,14.473461,0.00016586310900361457
FND,0.41791500000000004,4.789226377799034e-06
FNF,7.711930000000001,8.837725034932871e-05
FNV,0.20168,2.3112144236854605e-06
FORM,6.639129,7.608315502532936e-05
FOUR,1.2921300000000002,1.4807563929376707e-05
FOX,1.452096,1.6640743850535316e-05
FOXA,3.322107,3.807071407886966e-05
FR,0.27860999999999997,3.1928175851993555e-06
FRME,0.38007,4.355529879066506e-06
FROG,5.690681999999999,6.521413287885373e-05
FRPT,0.27860999999999997,3.1928175851993555e-06
FRSH,6.639129,7.608315502532936e-05
FRT,3.2292370000000004,3.7006441550469884e-05
FSLR,20.778049,0.0002381124878264739
FSLY,65.412859,0.0007496189171722693
FSV,0.060503999999999995,6.93364327105638e-07
FTI,0.510785,5.85349890619882e-06
FTNT,237.577044,0.0027225877173212777
FTS,0.20168,2.3112144236854605e-06
FTV,8.328484999999999,9.544285332927409e-05
FULT,0.5067600000000001,5.807373172088676e-06
FWONK,0.6965250000000001,7.98204396299839e-06
FYBR,0.32504500000000003,3.724953849399249e-06
G,0.32504500000000003,3.724953849399249e-06
GABC,0.25338000000000005,2.903686586044338e-06
GBCI,12.67917,0.00014530087556703677
GD,179.47902800000003,0.00205679550903732
GDDY,36.57852199999999,0.0004191829018420067
GDOT,0.12669000000000002,1.451843293022169e-06
GDYN,2.8453409999999995,3.2607066439426865e-05
GE,31.41216,0.00035997737639386886
GEHC,25.607513,0.0002934572263006393
GEN,115.483613,0.001323420230389279
GEV,33.398208,0.0003827371085623122
GFL,0.10084,1.1556072118427302e-06
GFS,7.5028950000000005,8.598174902517614e-05
GGG,0.5572199999999999,6.385635170398711e-06
GIL,0.08067200000000001,9.244857694741842e-07
GILD,67.960008,0.0007788087600326224
GIS,9.966320999999999,0.00011421214223660898
GL,8.387349,9.611742356844418e-05
GLOB,0.32504500000000003,3.724953849399249e-06
GLPI,0.46435000000000004,5.321362641998927e-06
GLRE,0.12669000000000002,1.451843293022169e-06
GLW,40.607651,0.00046535595350647216
GM,15.973056,0.00018304818235588845
GME,0.41791500000000004,4.789226377799034e-06
GMED,0.37148000000000003,4.2570901135991414e-06
GNE,0.16906,1.937395430723244e-06
GNRC,3.275672,3.7538577814669774e-05
GNW,0.5067600000000001,5.807373172088676e-06
GOOG,406.23931799999997,0.004655425283765095
GOOGL,606.619152,0.006951740052490295
GPC,5.006378,5.737213925040444e-05
GPN,12.84289,0.00014717707561387228
GPOR,14.162330000000003,0.000162297606946615
GRMN,14.345900999999998,0.00016440129567613877
GRNT,3.04759,3.492480149484119e-05
GS,2688.115006,0.030805286465651168
GSBC,0.12669000000000002,1.451843293022169e-06
GSHD,0.38007,4.355529879066506e-06
GTLB,18.457772,0.0002115225549161921
GWRE,13.835477999999998,0.00015855194522105742
GWW,20.757939999999998,0.00023788204251287863
HAFC,0.12669000000000002,1.451843293022169e-06
HAL,8.235615,9.437858080087431e-05
HAS,1.452096,1.6640743850535316e-05
HASI,0.5067600000000001,5.807373172088676e-06
HBAN,69.303772,0.0007942080397769166
HBNC,0.12669000000000002,1.451843293022169e-06
HCA,15.973056,0.00018304818235588845
HCI,0.12669000000000002,1.451843293022169e-06
HCKT,1.8968939999999999,2.1738044292951245e-05
HCP,8.536022999999998,9.78211993182806e-05
HD,319.73656,0.003664120137106166
HE,1.09889,1.2593070299701088e-05
HEI,0.41791500000000004,4.789226377799034e-06
HEI-A,0.603655,6.917771434598605e-06
HES,13.195558,0.00015121858378707887
HESM,42.576625,0.0004879200208838108
HFWA,0.12669000000000002,1.451843293022169e-06
HG,0.12669000000000002,1.451843293022169e-06
HIG,30.313767999999996,0.0003473900130794067
HII,3.2292370000000004,3.7006441550469884e-05
HIPO,0.12669000000000002,1.451843293022169e-06
HLI,4.930224000000001,5.64994289012308e-05
HLIT,2.8453409999999995,3.2607066439426865e-05
HLNE,0.88683,1.0162903051155181e-05
HLT,25.845851999999997,0.0002961885458887331
HMN,0.25338000000000005,2.903686586044338e-06
HOLX,4.959942999999999,5.6840002986204536e-05
HOMB,12.005322,0.0001375787057089864
HON,197.483611,0.002263124604247762
HONE,0.12669000000000002,1.451843293022169e-06
HOOD,14.865714999999998,0.0001703582652042706
HOPE,0.25338000000000005,2.903686586044338e-06
HPE,41.189147999999996,0.0004720197984773657
HPQ,32.682613999999994,0.000374536537487824
HRL,3.2292370000000004,3.7006441550469884e-05
HSIC,3.275672,3.7538577814669774e-05
HST,3.368542,3.860285034306956e-05
HSY,6.644214,7.614142815773933e-05
HTBI,0.12669000000000002,1.451843293022169e-06
HTBK,0.12669000000000002,1.451843293022169e-06
HTH,0.25338000000000005,2.903686586044338e-06
HTLF,0.38007,4.355529879066506e-06
HUBB,8.18918,9.384644453667443e-05
HUBS,34.566475,0.00039612522608073616
HUM,11.464852,0.0001313850223513442
HUT,3.7937879999999997,4.347608858590249e-05
HWC,0.76014,8.711059758133012e-06
HWM,23.56917,0.00027009820338305554
IAU,5012.2,0.057438858262575686
IBCP,0.12669000000000002,1.451843293022169e-06
IBKR,10.177042,0.0001166269647999441
IBM,265.819396,0.0030462396971963363
IBOC,0.6334500000000001,7.259216465110844e-06
ICE,74.332506,0.0008518363745333499
ICHR,2.8453409999999995,3.2607066439426865e-05
IDA,3.8883799999999997,4.4560094906634614e-05
IDCC,9.48447,0.00010869022146475623
IDXX,22.469098000000002,0.0002574915875882692
IEX,4.959942999999999,5.6840002986204536e-05
IFF,6.644214,7.614142815773933e-05
IIIV,0.12669000000000002,1.451843293022169e-06
ILMN,0.8358300000000001,9.578452755598068e-06
IMO,0.10084,1.1556072118427302e-06
IMXI,0.12669000000000002,1.451843293022169e-06
INCY,3.322107,3.807071407886966e-05
INDB,0.5067600000000001,5.807373172088676e-06
INDI,1.8968939999999999,2.1738044292951245e-05
INFA,3.7937879999999997,4.347608858590249e-05
INFN,2.8453409999999995,3.2607066439426865e-05
INFXX,6.874595,7.878155058010685e-05
INGR,0.32504500000000003,3.724953849399249e-06
INTA,7.587575999999999,8.695217717180498e-05
INTC,107.31350699999999,0.0012297923702631426
INTU,158.141814,0.001812275096710548
INVH,5.0528129999999996,5.790427551460433e-05
IONQ,14.226704999999999,0.00016303533219713434
IOT,10.432917,0.00011955924361123187
IP,6.551344,7.507715562933955e-05
IPG,3.322107,3.807071407886966e-05
IPGP,4.742235,5.434511073237812e-05
IQV,11.557722,0.00013244929487974397
IR,15.983737,0.00018317058458347367
IRM,14.903545999999999,0.00017079180126566712
ISRG,66.525669,0.0007623715080232283
IT,42.981644,0.0004925614615555019
ITCI,0.510785,5.85349890619882e-06
ITRI,8.536022999999998,9.78211993182806e-05
ITT,0.46435000000000004,5.321362641998927e-06
ITW,18.877247999999998,0.00021632967005695908
IVR,0.12669000000000002,1.451843293022169e-06
IVZ,6.238831,7.149581611531131e-05
J,5.006378,5.737213925040444e-05
JAMF,1.8968939999999999,2.1738044292951245e-05
JAZZ,0.27860999999999997,3.1928175851993555e-06
JBHT,4.8670729999999995,5.577573045780476e-05
JBL,21.680061,0.00024844937370874963
JCI,15.973056,0.00018304818235588845
JEF,6.778927,7.768521350411944e-05
JHG,2.828141,3.240995771229781e-05
JKHY,5.395582000000001,6.183234303142427e-05
JLL,0.46435000000000004,5.321362641998927e-06
JNJ,72.52931199999999,0.0008311721144108633
JNPR,15.698353,0.00017990013824725266
JPM,2343.943432,0.02686114571767751
JXN,1.0135200000000002,1.1614746344177352e-05
K,6.597779,7.560929189353944e-05
KBR,0.32504500000000003,3.724953849399249e-06
KD,12.654855999999999,0.00014502224175358234
KDP,23.669883,0.0002712523551990642
KE,0.9484469999999999,1.0869022146475623e-05
KEY,47.563321,0.0005450666081593691
KEYS,31.641296999999994,0.0003626032428129486
KHC,18.264726000000003,0.0002093102844896016
KIM,4.913507999999999,5.630786672200465e-05
KKR,97.656234,0.0011191218592998932
KLAC,121.63364999999999,0.001393898484160596
KLIC,5.690681999999999,6.521413287885373e-05
KMB,11.616768,0.00013312595080428253
KMI,24.835146999999996,0.0002846060589089086
KMPR,1.9627780000000001,2.2493062396333305e-05
KMX,3.368542,3.860285034306956e-05
KN,3.7937879999999997,4.347608858590249e-05
KNSL,5.056914000000001,5.7951272194252965e-05
KNX,0.32504500000000003,3.724953849399249e-06
KO,30.878816,0.0003538653556402686
KOS,10.39766,0.00011915520510004642
KR,13.102688,0.0001501543112586791
KREF,0.12669000000000002,1.451843293022169e-06
KRNY,0.12669000000000002,1.451843293022169e-06
KVUE,13.102688,0.0001501543112586791
KVYO,7.924313,9.081111911641314e-05
L,13.751543,0.00015759006609247732
LAD,0.37148000000000003,4.2570901135991414e-06
LADR,0.25338000000000005,2.903686586044338e-06
LAMR,3863.687915,0.044277128311023414
LASR,0.9484469999999999,1.0869022146475623e-05
LAZ,2.65918,3.0473696802736528e-05
LBRDK,0.32504500000000003,3.724953849399249e-06
LC,0.25338000000000005,2.903686586044338e-06
LDOS,122.23631900000001,0.0014008049562228139
LECO,0.41791500000000004,4.789226377799034e-06
LEN,9.873451,0.0001131478697082092
LFUS,8.536022999999998,9.78211993182806e-05
LGTY,0.9484469999999999,1.0869022146475623e-05
LH,6.597779,7.560929189353944e-05
LHX,13.195558,0.00015121858378707887
LII,6.597779,7.560929189353944e-05
LIN,65.02509,0.0007451751582181932
LITE,9.48447,0.00010869022146475623
LKFN,0.25338000000000005,2.903686586044338e-06
LKQ,3.275672,3.7538577814669774e-05
LLY,240.08472,0.002751325207112679
LMND,0.38007,4.355529879066506e-06
LMT,29.041919999999998,0.00033281487701070626
LNC,2.216158,2.539674898237764e-05
LNG,2.089575,2.394613188899517e-05
LNT,15.019013,0.00017211503111423757
LNW,0.32504500000000003,3.724953849399249e-06
LOB,0.25338000000000005,2.903686586044338e-06
LOW,40.658688,0.0004659408278149888
LPLA,13.068397000000001,0.00014976134292368008
LPRO,0.12669000000000002,1.451843293022169e-06
LPX,0.27860999999999997,3.1928175851993555e-06
LRCX,119.91338099999999,0.0013741845287588755
LSCC,11.706408999999997,0.0001341532196071067
LULU,25.121979000000003,0.0002878930990495996
LUMN,10.577048,0.00012121095744552484
LUV,6.551344,7.507715562933955e-05
LVS,4.959942999999999,5.6840002986204536e-05
LW,3.2292370000000004,3.7006441550469884e-05
LWLG,0.9484469999999999,1.0869022146475623e-05
LYB,6.551344,7.507715562933955e-05
LYV,6.644214,7.614142815773933e-05
MA,192.16232399999998,0.002202143667779248
MAA,5.006378,5.737213925040444e-05
MANH,15.825242,0.00018135426204240847
MAR,42.886511999999996,0.0004914712669375227
MARA,7.587575999999999,8.695217717180498e-05
MAS,5.006378,5.737213925040444e-05
MASI,0.27860999999999997,3.1928175851993555e-06
MBIN,0.12669000000000002,1.451843293022169e-06
MBWM,0.12669000000000002,1.451843293022169e-06
MC,0.88683,1.0162903051155181e-05
MCB,0.12669000000000002,1.451843293022169e-06
MCD,140.390896,0.001608852954131919
MCHP,40.242952,0.0004611765723625627
MCK,31.504824,0.000361039288201467
MCO,58.06175,0.0006653766068247684
MCY,0.25338000000000005,2.903686586044338e-06
MDB,32.2645,0.0003697450306078914
MDLZ,45.790704,0.0005247527546385933
MDT,31.946112,0.0003660963647117769
MDU,2.28231,2.61548383147638e-05
MEI,0.9484469999999999,1.0869022146475623e-05
MELI,29.011194,0.00033246276289734773
MET,38.327676,0.0004392278738473971
META,772.723472,0.00885526395282977
MFA,0.12669000000000002,1.451843293022169e-06
MFC,0.5042,5.7780360592136505e-06
MGEE,2.28231,2.61548383147638e-05
MGM,1.730706,1.9833561435734672e-05
MGY,18.28554,0.00020954880896904718
MHK,1.452096,1.6640743850535316e-05
MIR,7.587575999999999,8.695217717180498e-05
MISXX,1.344525,1.5408000659488762e-05
MITK,0.9484469999999999,1.0869022146475623e-05
MKC,6.5049090000000005,7.454501936513966e-05
MKL,11.536287999999999,0.00013220366531827395
MKSI,8.861067999999998,0.00010154615316767984
MKTX,7.091579,8.126814593169831e-05
ML,0.12669000000000002,1.451843293022169e-06
MLM,12.533660999999999,0.00014363337011495404
MLNK,0.9484469999999999,1.0869022146475623e-05
MMC,80.76688999999999,0.0009255731908182118
MMM,97.558128,0.0011179975832078162
MNST,25.170462,0.0002884487050040995
MNTK,0.16906,1.937395430723244e-06
MO,24.685632,0.0002828926454591003
MOH,5.006378,5.737213925040444e-05
MORN,4.178936,4.7889811378710945e-05
MOS,2.904192,3.328148770107063e-05
MPC,16.693344,0.0001913025457771873
MPWR,31.196498999999996,0.00035750594237053267
MQ,0.25338000000000005,2.903686586044338e-06
MRK,47.754448,0.000547256887211113
MRNA,4.356287999999999,4.9922231551605934e-05
MRVL,93.713346,0.0010739371130852149
MS,74.26949400000001,0.0008511142690034747
MSBI,0.12669000000000002,1.451843293022169e-06
MSCI,37.057401999999996,0.0004246707755191909
MSEX,0.59171,6.780884007531355e-06
MSFT,3758.611514,0.043072972749836604
MSI,79.36445700000002,0.0009095015754976424
MSTR,55.721863,0.00063856194704594
MTB,89.75352899999999,0.0010285583637518407
MTCH,2.904192,3.328148770107063e-05
MTD,8.328484999999999,9.544285332927409e-05
MTDR,27.697215,0.0003174048135854685
MTG,2.91256,3.337738338878086e-05
MTN,0.23217500000000002,2.6606813209994635e-06
MTSI,10.757962,0.0001232841974606311
MTTR,2.8453409999999995,3.2607066439426865e-05
MTZ,0.37148000000000003,4.2570901135991414e-06
MU,126.87105599999998,0.0014539181603302545
MUR,19.54043,0.00022392960958457
MVIS,0.9484469999999999,1.0869022146475623e-05
MXL,3.7937879999999997,4.347608858590249e-05
NABL,1.8968939999999999,2.1738044292951245e-05
NATL,0.38007,4.355529879066506e-06
NAVI,0.12669000000000002,1.451843293022169e-06
NBBK,0.12669000000000002,1.451843293022169e-06
NBHC,0.25338000000000005,2.903686586044338e-06
NBIX,0.5572199999999999,6.385635170398711e-06
NBTB,0.38007,4.355529879066506e-06
NCLH,3.368542,3.860285034306956e-05
NCNO,6.639129,7.608315502532936e-05
NDAQ,28.689207,0.00032877285314606244
NDSN,3.368542,3.860285034306956e-05
NEE,137.092332,0.001571052038353212
NEM,13.068864,0.00014976669465481781
NEP,1.09889,1.2593070299701088e-05
NET,184.93651599999998,0.0021193372830490722
NFBK,0.12669000000000002,1.451843293022169e-06
NFG,22.289080000000002,0.00025542861556266923
NFLX,229.759974,0.002633005582578324
NI,16.041712999999998,0.0001838349785116152
NIC,0.25338000000000005,2.903686586044338e-06
NJR,3.04308,3.48731177530184e-05
NKE,61.6684,0.0007067081295398872
NLY,5.483157,6.283593586737355e-05
NMIH,0.5067600000000001,5.807373172088676e-06
NN,1.8968939999999999,2.1738044292951245e-05
NNI,0.25338000000000005,2.903686586044338e-06
NOC,179.344288,0.002055251414276077
NOG,17.03065,0.00019516800835352435
NOTE,252.0,0.0028878720486351446
NOVA,0.25359,2.9060931460848663e-06
NOVT,7.587575999999999,8.695217717180498e-05
NOW,135.01741499999997,0.0015472738843550454
NRDS,0.12669000000000002,1.451843293022169e-06
NRG,22.958548999999998,0.0002631006029139696
NSC,15.973056,0.00018304818235588845
NSIT,6.639129,7.608315502532936e-05
NSSC,2.8453409999999995,3.2607066439426865e-05
NTAP,37.685725999999995,0.0004318712489996934
NTCT,3.7937879999999997,4.347608858590249e-05
NTGR,1.8968939999999999,2.1738044292951245e-05
NTNX,31.906018,0.0003656368951009913
NTR,0.20168,2.3112144236854605e-06
NTRA,0.7429600000000001,8.514180227198283e-06
NTRS,16.538359,0.00018952644716822812
NU,12.78729,0.00014653991019361788
NUE,9.827015999999999,0.0001126157334440093
NVDA,9802.651816,0.11233652453146406
NVR,9.954984999999999,0.00011408223383365926
NVT,0.46435000000000004,5.321362641998927e-06
NVTS,0.9484469999999999,1.0869022146475623e-05
NWBI,0.25338000000000005,2.903686586044338e-06
NWE,2.19778,2.5186140599402176e-05
NWN,1.01436,1.1624372584339465e-05
NWS,1.7541360000000001,2.010206477739944e-05
NWSA,4.379247,5.01853373228941e-05
NXPI,67.12370999999999,0.0007692249440860767
NYMT,0.12669000000000002,1.451843293022169e-06
O,14.879828999999999,0.00017052000895861362
OBE,5.55737,6.368640272588689e-05
OBK,0.12669000000000002,1.451843293022169e-06
OC,0.603655,6.917771434598605e-06
OCFC,0.12669000000000002,1.451843293022169e-06
ODFL,24.062547000000002,0.00027575220992170424
OFG,0.38007,4.355529879066506e-06
OGE,5.49445,6.296535149850544e-05
OGS,2.62043,3.0029629176210287e-05
OHI,0.37148000000000003,4.2570901135991414e-06
OKE,25.276491999999998,0.0002896637886283724
OKLO,0.42264999999999997,4.8434885768081105e-06
OKTA,123.760104,0.0014182672423721373
OLED,8.814632999999999,0.00010101401690347995
OLO,1.8968939999999999,2.1738044292951245e-05
OMC,5.006378,5.737213925040444e-05
OMF,3.1024640000000003,3.555364709324122e-05
ON,35.563027,0.00040754552237363875
ONB,1.14021,1.3066589637199518e-05
ONTO,9.902385,0.00011347944784255528
ORA,2.45137,2.809223374548704e-05
ORC,0.12669000000000002,1.451843293022169e-06
ORCL,173.307774,0.0019860741124832406
ORI,4.052246,4.643796808568878e-05
ORLY,42.337836,0.0004851835443813444
OSBC,0.12669000000000002,1.451843293022169e-06
OSCR,0.38007,4.355529879066506e-06
OSIS,5.690681999999999,6.521413287885373e-05
OSPN,0.9484469999999999,1.0869022146475623e-05
OTEX,2.7249339999999997,3.1227225130855396e-05
OTIS,11.604156999999999,0.00013298143114394385
OTTR,1.85966,2.1311349737955688e-05
OUST,0.9484469999999999,1.0869022146475623e-05
OVV,29.68536,0.000340188576974888
OWL,6.479374,7.4252393124021e-05
OXY,47.99064200000001,0.0005499636255073644
OZK,13.138536,0.00015056512251740715
PAAS,0.08067200000000001,9.244857694741842e-07
PANW,320.236457,0.003669848861604168
PAR,5.690681999999999,6.521413287885373e-05
PARA,1.684271,1.930142517153478e-05
PATH,9.716645,0.0001113509027857557
PAY,0.12669000000000002,1.451843293022169e-06
PAYC,5.876733,6.734624193647524e-05
PAYO,0.5067600000000001,5.807373172088676e-06
PAYX,30.839570000000002,0.00035341560394812284
PB,18.74694,0.0002148363651723815
PCAR,33.980004,0.0003894043800163112
PCG,38.776382,0.0004443699592261863
PCOR,10.432917,0.00011955924361123187
PCTY,2.68908,3.081634511326903e-05
PD,3.7937879999999997,4.347608858590249e-05
PDD,21.508299,0.0002464810138721716
PDFS,1.8968939999999999,2.1738044292951245e-05
PEBO,0.12669000000000002,1.451843293022169e-06
PEG,45.240813,0.0005184511084136091
PEGA,8.536022999999998,9.78211993182806e-05
PEN,0.37148000000000003,4.2570901135991414e-06
PENG,1.8968939999999999,2.1738044292951245e-05
PEP,63.024318,0.0007222466918114795
PFBC,0.12669000000000002,1.451843293022169e-06
PFC,0.12669000000000002,1.451843293022169e-06
PFE,40.658688,0.0004659408278149888
PFG,13.853707,0.0001587608460923851
PFGC,0.510785,5.85349890619882e-06
PFS,0.38007,4.355529879066506e-06
PFSI,0.5067600000000001,5.807373172088676e-06
PG,82.223824,0.000942269377228157
PGC,0.12669000000000002,1.451843293022169e-06
PGR,127.00686200000001,0.0014554744712486553
PH,31.783572,0.00036423368724040726
PHM,10.408045,0.00011927421522395545
PI,6.639129,7.608315502532936e-05
PINS,0.7429600000000001,8.514180227198283e-06
PIPR,0.88683,1.0162903051155181e-05
PJT,0.6334500000000001,7.259216465110844e-06
PKG,8.712059,9.98385383815883e-05
PLAB,2.8453409999999995,3.2607066439426865e-05
PLD,30.494015999999995,0.0003494556208612415
PLMR,0.5067600000000001,5.807373172088676e-06
PLTR,190.607111,0.0021843212227301446
PLUS,4.742235,5.434511073237812e-05
PLXS,8.536022999999998,9.78211993182806e-05
PMT,0.12669000000000002,1.451843293022169e-06
PNC,213.118176,0.002442293744152799
PNFP,22.548353999999996,0.00025839984626718434
PNR,5.006378,5.737213925040444e-05
PNW,9.699952,0.00011115960418215305
PODD,6.551344,7.507715562933955e-05
POOL,4.8670729999999995,5.577573045780476e-05
POR,2.95855,3.3904420037656776e-05
POWI,7.587575999999999,8.695217717180498e-05
PPBI,0.38007,4.355529879066506e-06
PPG,9.780580999999998,0.00011208359717980939
PPL,24.08082,0.00027596161502465937
PR,31.564459999999997,0.0003617227054137384
PRA,0.12669000000000002,1.451843293022169e-06
PRAA,0.12669000000000002,1.451843293022169e-06
PRG,0.25338000000000005,2.903686586044338e-06
PRGS,5.690681999999999,6.521413287885373e-05
PRI,5.120127999999999,5.867569260569113e-05
PRK,0.5067600000000001,5.807373172088676e-06
PRO,1.8968939999999999,2.1738044292951245e-05
PRU,37.946017000000005,0.00043485413433069065
PSA,13.068864,0.00014976669465481781
PSTG,39.41163,0.000451649780429168
PSX,16.995384,0.00019476386670405144
PTC,24.664707,0.0002826528489407762
PWP,0.25338000000000005,2.903686586044338e-06
PWR,16.47123,0.00018875716160174862
PX,0.12669000000000002,1.451843293022169e-06
PYPL,66.12558,0.0007577865642134411
QCOM,157.10913,0.0018004407345729575
QCRH,0.25338000000000005,2.903686586044338e-06
QGEN,0.49858700000000006,5.713712147273219e-06
QLYS,83.15610699999999,0.0009529531630103702
QRVO,7.587575999999999,8.695217717180498e-05
QSR,0.181512,2.0800929813169145e-06
QTWO,12.083914,0.00013847935507424963
R,0.27860999999999997,3.1928175851993555e-06
RACE,0.44369600000000003,5.084671732108013e-06
RAMP,4.742235,5.434511073237812e-05
RBA,0.7649990000000001,8.766742973546974e-06
RBBN,0.9484469999999999,1.0869022146475623e-05
RBC,0.32504500000000003,3.724953849399249e-06
RBLX,1.3001800000000001,1.4899815397596996e-05
RBRK,112.10036600000001,0.0012846488635443237
RC,0.12669000000000002,1.451843293022169e-06
RCL,22.384061,0.00025651707974938114
RDN,0.76014,8.711059758133012e-06
REG,3.4149770000000004,3.9134986607269456e-05
REGN,52.550442,0.000602218065854057
REI,1.7927000000000002,2.0544000879318352e-05
RELY,0.5067600000000001,5.807373172088676e-06
REPX,5.109195000000001,5.8550402506057307e-05
REXR,0.32504500000000003,3.724953849399249e-06
RF,61.789876,0.0007081002213850458
RGA,7.585240000000001,8.692540705630653e-05
RGEN,0.37148000000000003,4.2570901135991414e-06
RGLD,0.37148000000000003,4.2570901135991414e-06
RHI,0.27860999999999997,3.1928175851993555e-06
RIOT,6.639129,7.608315502532936e-05
RITM,2.78587,3.1925540095758695e-05
RIVN,0.41791500000000004,4.789226377799034e-06
RJF,24.499465,0.0002807592070635517
RKT,0.8230919999999999,9.432477699425391e-06
RL,3.275672,3.7538577814669774e-05
RLI,3.03925,3.482922668180303e-05
RMBS,9.48447,0.00010869022146475623
RMD,11.511287,0.00013191715861554407
RNG,11.11366,0.0001273604288572796
RNR,6.842403000000001,7.841263638570343e-05
RNST,0.38007,4.355529879066506e-06
ROG,3.7937879999999997,4.347608858590249e-05
ROK,9.966320999999999,0.00011421214223660898
ROKU,0.37148000000000003,4.2570901135991414e-06
ROL,4.8670729999999995,5.577573045780476e-05
ROOT,0.12669000000000002,1.451843293022169e-06
ROP,69.520797,0.0007966951049807065
ROST,31.837908,0.00036485636746117964
RPAY,0.12669000000000002,1.451843293022169e-06
RPD,65.707882,0.0007529998246143506
RPM,0.603655,6.917771434598605e-06
RPRX,0.46435000000000004,5.321362641998927e-06
RRC,27.26198,0.00031241710330337443
RRX,0.41791500000000004,4.789226377799034e-06
RS,0.603655,6.917771434598605e-06
RSG,16.449408000000002,0.0001885070856341085
RTX,15.25302,0.00017479670680663824
RVTY,4.913507999999999,5.630786672200465e-05
RWT,0.12669000000000002,1.451843293022169e-06
RY,1.552936,1.7796351062378044e-05
RYAN,3.5709779999999998,4.0922728382900915e-05
S,79.525318,0.0009113450119484975
SAFT,0.25338000000000005,2.903686586044338e-06
SAIA,0.510785,5.85349890619882e-06
SAIC,0.23217500000000002,2.6606813209994635e-06
SANM,8.536022999999998,9.78211993182806e-05
SAP,6.408974000000001,7.344562251995786e-05
SASR,0.25338000000000005,2.903686586044338e-06
SBAC,6.644214,7.614142815773933e-05
SBCF,0.38007,4.355529879066506e-06
SBSI,0.12669000000000002,1.451843293022169e-06
SBUX,65.00733299999999,0.0007449716663770517
SCHW,89.939486,0.001030689395587349
SCI,0.41791500000000004,4.789226377799034e-06
SCSC,2.8453409999999995,3.2607066439426865e-05
SD,7.170800000000001,8.217600351727341e-05
SEDG,1.8968939999999999,2.1738044292951245e-05
SEIC,4.5039810000000005,5.16147652281102e-05
SEMR,0.9484469999999999,1.0869022146475623e-05
SEZL,0.12669000000000002,1.451843293022169e-06
SF,5.799751,6.646404286485607e-05
SFBS,0.76014,8.711059758133012e-06
SFNC,0.5067600000000001,5.807373172088676e-06
SHOP,9.02858,0.00010346580881296148
SHW,202.04342400000002,0.002315379193571981
SIGI,0.88683,1.0162903051155181e-05
SITE,0.23217500000000002,2.6606813209994635e-06
SITM,8.536022999999998,9.78211993182806e-05
SJM,3.322107,3.807071407886966e-05
SJW,1.01436,1.1624372584339465e-05
SKWD,0.25338000000000005,2.903686586044338e-06
SKX,0.37148000000000003,4.2570901135991414e-06
SLAB,8.536022999999998,9.78211993182806e-05
SLB,15.973056,0.00018304818235588845
SLF,0.32268800000000003,3.697943077896737e-06
SLM,3.018045,3.4586221416758155e-05
SM,22.58802,0.0002588544110794112
SMAR,10.432917,0.00011955924361123187
SMBC,0.12669000000000002,1.451843293022169e-06
SMBK,0.12669000000000002,1.451843293022169e-06
SMCI,16.341306999999997,0.000187268268743912
SMRT,0.9484469999999999,1.0869022146475623e-05
SMTC,9.48447,0.00010869022146475623
SN,0.27860999999999997,3.1928175851993555e-06
SNA,6.5049090000000005,7.454501936513966e-05
SNEX,0.5067600000000001,5.807373172088676e-06
SNOW,35.070732,0.0004019039153491037
SNPS,93.768642,0.0010745707947233153
SNV,19.498383999999998,0.00022344777042521716
SNX,10.850832,0.0001243484699890309
SO,82.25056199999999,0.0009425757896203649
SOFI,3461.517349,0.0396683301509632
SOLV,3.275672,3.7538577814669774e-05
SOUN,12.329811,0.0001412972879041831
SPFI,0.12669000000000002,1.451843293022169e-06
SPG,16.656969999999998,0.00019088570665854818
SPGI,75.409704,0.0008641808586406742
SPNT,0.25338000000000005,2.903686586044338e-06
SPSC,9.48447,0.00010869022146475623
SPT,6.706958,7.686046245861061e-05
SR,2.62043,3.0029629176210287e-05
SRCE,0.12669000000000002,1.451843293022169e-06
SRE,51.37604,0.0005887596424030204
SRPT,0.41791500000000004,4.789226377799034e-06
SSB,21.033108,0.00024103541543303274
SSD,0.27860999999999997,3.1928175851993555e-06
SSNC,0.6500900000000001,7.449907698798498e-06
STAG,0.23217500000000002,2.6606813209994635e-06
STBA,0.25338000000000005,2.903686586044338e-06
STC,0.25338000000000005,2.903686586044338e-06
STE,6.597779,7.560929189353944e-05
STEL,0.25338000000000005,2.903686586044338e-06
STEP,0.6334500000000001,7.259216465110844e-06
STLD,5.0528129999999996,5.790427551460433e-05
STN,0.08067200000000001,9.244857694741842e-07
STT,23.393599,0.00026808619313126614
STWD,3.1447350000000003,3.603806470978033e-05
STX,22.300389,0.0002555582145507565
STZ,7.260479999999999,8.320371925267657e-05
SU,0.44369600000000003,5.084671732108013e-06
SUI,0.603655,6.917771434598605e-06
SW,8.570501,9.821631063769666e-05
SWI,1.8968939999999999,2.1738044292951245e-05
SWK,4.8670729999999995,5.577573045780476e-05
SWKS,17.243319,0.00019760515462618775
SWX,2.70496,3.099832689157191e-05
SYBT,0.38007,4.355529879066506e-06
SYF,15.030159999999999,0.0001722427736131508
SYK,37.754495999999996,0.00043265934011391815
SYNA,6.639129,7.608315502532936e-05
SYY,11.511287,0.00013191715861554407
T,16.15914,0.00018518066958723062
TAP,3.275672,3.7538577814669774e-05
TBBK,0.38007,4.355529879066506e-06
TCBI,0.6334500000000001,7.259216465110844e-06
TCBK,0.25338000000000005,2.903686586044338e-06
TD,0.867224,9.93822202184748e-06
TDC,6.639129,7.608315502532936e-05
TDG,30.389580000000002,0.00034825880417365724
TDY,26.116802999999997,0.0002992935927913115
TEAM,48.75649299999999,0.00055874013223879
TECH,3.368542,3.860285034306956e-05
TEF,0.16134400000000002,1.8489715389483685e-06
TEL,42.470721,0.00048670638119556215
TENB,81.819376,0.0009376344801078143
TER,22.721377999999998,0.000260382668383625
TFC,171.40201199999998,0.0019642344425977207
TFII,0.10084,1.1556072118427302e-06
TFIN,0.38007,4.355529879066506e-06
TFSL,1.5375999999999999,1.7620603420561105e-05
TFX,3.2292370000000004,3.7006441550469884e-05
TGT,17.425151999999997,0.00019968892620642373
THC,0.46435000000000004,5.321362641998927e-06
THFF,0.12669000000000002,1.451843293022169e-06
THG,2.5959659999999998,2.974927639129834e-05
TIPT,0.12669000000000002,1.451843293022169e-06
TJX,53.704512,0.0006154434884539314
TKO,0.41791500000000004,4.789226377799034e-06
TLN,4.81821,5.521576977561246e-05
TMP,0.12669000000000002,1.451843293022169e-06
TMUS,122.51223000000002,0.0014039668437815878
TOL,0.510785,5.85349890619882e-06
TOST,5.4403179999999995,6.234500907891529e-05
TOWN,0.38007,4.355529879066506e-06
TPG,2.891355,3.313437812373599e-05
TPL,8.28205,9.491071706507421e-05
TPR,5.006378,5.737213925040444e-05
TPX,0.37148000000000003,4.2570901135991414e-06
TREE,0.12669000000000002,1.451843293022169e-06
TREX,0.27860999999999997,3.1928175851993555e-06
TRGP,22.233374,0.0002547902354025848
TRI,0.20168,2.3112144236854605e-06
TRMB,22.628508,0.00025931839585522525
TRMK,0.38007,4.355529879066506e-06
TROW,20.029324000000003,0.00022953224179625827
TRP,0.44369600000000003,5.084671732108013e-06
TRST,0.12669000000000002,1.451843293022169e-06
TRTX,0.12669000000000002,1.451843293022169e-06
TRU,0.6965250000000001,7.98204396299839e-06
TRUP,0.25338000000000005,2.903686586044338e-06
TRV,165.088924,0.0018918876553922688
TSCO,9.873451,0.0001131478697082092
TSLA,4171.01397,0.047799026422340116
TSN,4.959942999999999,5.6840002986204536e-05
TT,36.465192,0.00041788416160680117
TTC,0.32504500000000003,3.724953849399249e-06
TTD,22.330228,0.00025590016381289634
TTEK,0.41791500000000004,4.789226377799034e-06
TTMI,5.690681999999999,6.521413287885373e-05
TTWO,19.923746,0.00022832233800597728
TW,7.522025999999999,8.620098664486834e-05
TWLO,26.051015,0.00029853967482966227
TWO,0.25338000000000005,2.903686586044338e-06
TXN,154.60816499999999,0.0017717801515645653
TXNM,2.78949,3.196702460693353e-05
TXRH,0.46435000000000004,5.321362641998927e-06
TXT,4.913507999999999,5.630786672200465e-05
TYL,29.272399999999998,0.00033545613395423576
U,11.613538999999998,0.00013308894707870692
UAL,11.511287,0.00013191715861554407
UBER,40.658688,0.0004659408278149888
UBSI,11.204783999999998,0.00012840469255791383
UCB,0.6334500000000001,7.259216465110844e-06
UCTT,3.7937879999999997,4.347608858590249e-05
UDR,3.4149770000000004,3.9134986607269456e-05
UFCS,0.12669000000000002,1.451843293022169e-06
UGI,4.2896149999999995,4.915817165835732e-05
UHAL-B,0.23217500000000002,2.6606813209994635e-06
UHS,4.530267,5.191599778632616e-05
UIS,0.9484469999999999,1.0869022146475623e-05
ULTA,6.551344,7.507715562933955e-05
UMBF,11.55609,0.00013243059247028613
UNH,393.19032,0.004505886249690111
UNM,6.289470000000001,7.207612941956066e-05
UNP,40.658688,0.0004659408278149888
UPS,27.589823999999997,0.00031617413316017094
UPST,0.76014,8.711059758133012e-06
URI,21.30387,0.00024413829643157463
USB,208.574538,0.0023902245172507494
USFD,0.603655,6.917771434598605e-06
UTHR,0.603655,6.917771434598605e-06
UTL,0.59171,6.780884007531355e-06
UVE,0.12669000000000002,1.451843293022169e-06
UVSP,0.12669000000000002,1.451843293022169e-06
UWMC,0.31659400000000004,3.6281069974825207e-06
V,379.59283800000003,0.004350061693342415
VBTX,0.25338000000000005,2.903686586044338e-06
VCTR,0.5067600000000001,5.807373172088676e-06
VECO,3.7937879999999997,4.347608858590249e-05
VEEV,4.032461,4.621123575044176e-05
VERX,6.639129,7.608315502532936e-05
VET,8.60496,9.861120422072808e-05
VFC,0.32504500000000003,3.724953849399249e-06
VIAV,4.742235,5.434511073237812e-05
VICI,1710.799886,0.01960544115709362
VIRT,1.45628,1.668869169439043e-05
VLO,11.616768,0.00013312595080428253
VLTO,11.256015,0.00012899179006951555
VLY,9.955013999999998,0.00011408256616814104
VMC,11.557722,0.00013244929487974397
VMI,0.27860999999999997,3.1928175851993555e-06
VNO,0.27860999999999997,3.1928175851993555e-06
VNT,9.716645,0.0001113509027857557
VOYA,3.507764,4.0198307971462734e-05
VPG,0.9484469999999999,1.0869022146475623e-05
VRN,15.058679999999999,0.00017256960738627414
VRNS,80.239976,0.0009195348566410907
VRNT,3.7937879999999997,4.347608858590249e-05
VRSK,25.10732,0.0002877251096989609
VRSN,22.078424,0.00025301453788696563
VRT,1.95027,2.234972309639549e-05
VRTS,0.25338000000000005,2.903686586044338e-06
VRTX,74.62548,0.0008551938008253215
VSAT,1.8968939999999999,2.1738044292951245e-05
VSH,3.7937879999999997,4.347608858590249e-05
VST,62.26295699999999,0.0007135216396256822
VTLE,11.383645,0.00013045440558367153
VTR,8.18918,9.384644453667443e-05
VTRS,4.8670729999999995,5.577573045780476e-05
VTS,7.439705,8.525760364917115e-05
VYX,3.7937879999999997,4.347608858590249e-05
VZ,19.389024,0.00022219452563458726
WAB,14.787292,0.00016945955254684956
WABC,0.25338000000000005,2.903686586044338e-06
WAFD,0.38007,4.355529879066506e-06
WAL,25.09657,0.00028760191674450525
WASH,0.12669000000000002,1.451843293022169e-06
WAT,8.18918,9.384644453667443e-05
WBA,3.2292370000000004,3.7006441550469884e-05
WBD,14.193544000000001,0.00016265531344711537
WBS,25.672492000000002,0.00029420187327622765
WCC,0.32504500000000003,3.724953849399249e-06
WCN,0.44369600000000003,5.084671732108013e-06
WD,0.5067600000000001,5.807373172088676e-06
WDAY,69.891849,0.0008009472902957467
WDC,24.266343999999997,0.00027808768476256007
WDS,21.960575000000002,0.0002516640107716498
WEAV,0.9484469999999999,1.0869022146475623e-05
WEC,29.699906,0.00034035527136702865
WELL,29.63448,0.00033960550185649694
WES,40.873560000000005,0.00046840322004845845
WEX,1.41882,1.6259407222398873e-05
WFC,117.45061,0.0013459616417228072
WFG,0.060503999999999995,6.93364327105638e-07
WH,0.32504500000000003,3.724953849399249e-06
WHR,0.27860999999999997,3.1928175851993555e-06
WING,0.32504500000000003,3.724953849399249e-06
WIX,6.05043,6.933677650485532e-05
WK,20.427331000000002,0.0002340933262822151
WM,27.82224,0.0003188375762953122
WMB,30.062364,0.00034450897107736277
WMS,0.32504500000000003,3.724953849399249e-06
WMT,197.39372799999998,0.002262094562170986
WOLF,1.8968939999999999,2.1738044292951245e-05
WPC,0.46435000000000004,5.321362641998927e-06
WPM,0.24201599999999998,2.773457308422552e-06
WRB,14.89878,0.00017073718381255685
WSBC,0.25338000000000005,2.903686586044338e-06
WSC,0.27860999999999997,3.1928175851993555e-06
WSFS,0.5067600000000001,5.807373172088676e-06
WSM,0.975135,1.1174861548197745e-05
WSO,0.6500900000000001,7.449907698798498e-06
WST,8.18918,9.384644453667443e-05
WT,0.25338000000000005,2.903686586044338e-06
WTFC,22.761091,0.00026083777180690857
WTI,3.495765,4.0060801714670785e-05
WTM,2.2793720000000004,2.6121169393815828e-05
WTRG,6.580265,7.540858478615928e-05
WTW,28.199488,0.00032316076659135785
WU,0.6334500000000001,7.259216465110844e-06
WULF,2.8453409999999995,3.2607066439426865e-05
WWD,0.41791500000000004,4.789226377799034e-06
WY,6.644214,7.614142815773933e-05
WYNN,3.2292370000000004,3.7006441550469884e-05
X,0.32504500000000003,3.724953849399249e-06
XEL,48.676103999999995,0.0005578188895954657
XOM,135.04492799999997,0.0015475891780997839
XP,1.5192320000000001,1.7410109635682813e-05
XPER,0.9484469999999999,1.0869022146475623e-05
XPO,0.603655,6.917771434598605e-06
XRX,1.8968939999999999,2.1738044292951245e-05
XYL,9.827015999999999,0.0001126157334440093
XYZ,9.4588,0.00010839604814932583
YEXT,1.8968939999999999,2.1738044292951245e-05
YORW,0.33812,3.874790861446488e-06
YOU,4.742235,5.434511073237812e-05
YUM,11.511287,0.00013191715861554407
Z,0.46435000000000004,5.321362641998927e-06
ZBH,6.644214,7.614142815773933e-05
ZBRA,23.669824999999996,0.0002712516905301006
ZETA,6.639129,7.608315502532936e-05
ZION,21.658341,0.0002482004666417006
ZM,20.550520999999996,0.0002355050602412284
ZS,2770.760166,0.03175238427326617
ZTS,21.78144,0.00024961115775802974
ZUO,2.8453409999999995,3.2607066439426865e-05
